{
    "train_mean": {
        "mean radius": 14.067213186813202,
        "mean texture": 19.247362637362627,
        "mean perimeter": 91.55740659340661,
        "mean area": 648.5410989010988,
        "mean smoothness": 0.0961674285714285,
        "mean compactness": 0.10386890109890125,
        "mean concavity": 0.08919332241758247,
        "mean concave points": 0.048343951648351625,
        "mean symmetry": 0.18061802197802207,
        "mean fractal dimension": 0.06281978021978024,
        "radius error": 0.39897186813186797,
        "texture error": 1.2187292307692315,
        "perimeter error": 2.8225501098901087,
        "area error": 39.243747252747276,
        "smoothness error": 0.007083657142857148,
        "compactness error": 0.025537980219780192,
        "concavity error": 0.03255248263736262,
        "concave points error": 0.011672782417582414,
        "symmetry error": 0.020778830769230764,
        "fractal dimension error": 0.003797283736263736,
        "worst radius": 16.17722637362637,
        "worst texture": 25.647296703296668,
        "worst perimeter": 106.62529670329678,
        "worst area": 869.026593406594,
        "worst smoothness": 0.13232892307692298,
        "worst compactness": 0.2543285714285715,
        "worst concavity": 0.27657819120879135,
        "worst concave points": 0.1139043318681319,
        "worst symmetry": 0.2908652747252748,
        "worst fractal dimension": 0.08394461538461542
    },
    "train_std": {
        "mean radius": 3.499379711025979,
        "mean texture": 4.405290780595141,
        "mean perimeter": 24.149230920515453,
        "mean area": 344.94456376884636,
        "mean smoothness": 0.013457714006497524,
        "mean compactness": 0.05352166220121481,
        "mean concavity": 0.08174694486246094,
        "mean concave points": 0.0389245526057414,
        "mean symmetry": 0.028074412300790164,
        "mean fractal dimension": 0.007159418610575729,
        "radius error": 0.26782509727634535,
        "texture error": 0.5715227821630084,
        "perimeter error": 1.9734745390539092,
        "area error": 41.76319667421538,
        "smoothness error": 0.003135353881380094,
        "compactness error": 0.018466732937026234,
        "concavity error": 0.03237025548146772,
        "concave points error": 0.006289718453434838,
        "symmetry error": 0.008763886319346824,
        "fractal dimension error": 0.0027801228468957674,
        "worst radius": 4.770019500898345,
        "worst texture": 6.225469919270193,
        "worst perimeter": 33.195052678428866,
        "worst area": 552.926911565646,
        "worst smoothness": 0.022550210201131494,
        "worst compactness": 0.15988196627658086,
        "worst concavity": 0.2159365650765273,
        "worst concave points": 0.06678394559852537,
        "worst symmetry": 0.06462445104259312,
        "worst fractal dimension": 0.018407721200536444
    },
    "test_mean": {
        "mean radius": 14.36707894736842,
        "mean texture": 19.45842105263158,
        "mean perimeter": 93.61192982456137,
        "mean area": 680.2254385964912,
        "mean smoothness": 0.09712999999999998,
        "mean compactness": 0.10622517543859647,
        "mean concavity": 0.08722674561403511,
        "mean concave points": 0.05121487719298244,
        "mean symmetry": 0.18333245614035085,
        "mean fractal dimension": 0.06270912280701754,
        "radius error": 0.42991842105263145,
        "texture error": 1.2093666666666663,
        "perimeter error": 3.039714035087717,
        "area error": 44.700815789473694,
        "smoothness error": 0.0068706403508771935,
        "compactness error": 0.025239298245614033,
        "concavity error": 0.02926442982456141,
        "concave points error": 0.01228847368421053,
        "symmetry error": 0.01959824561403509,
        "fractal dimension error": 0.0037854052631578947,
        "worst radius": 16.636236842105255,
        "worst texture": 25.79666666666667,
        "worst perimeter": 109.799298245614,
        "worst area": 926.7078947368419,
        "worst smoothness": 0.1325269298245614,
        "worst compactness": 0.2540114912280702,
        "worst concavity": 0.2546681578947368,
        "worst concave points": 0.1174076315789474,
        "worst symmetry": 0.2869236842105262,
        "worst fractal dimension": 0.08395061403508772
    },
    "test_std": {
        "mean radius": 3.626623145046923,
        "mean texture": 3.8703878241904084,
        "mean perimeter": 24.92808232251766,
        "mean area": 379.00239563335697,
        "mean smoothness": 0.016305109682854375,
        "mean compactness": 0.0500652937784189,
        "mean concavity": 0.07136746822636286,
        "mean concave points": 0.038396985051751535,
        "mean symmetry": 0.02459841528680157,
        "mean fractal dimension": 0.006679883624841239,
        "radius error": 0.31239418925561135,
        "texture error": 0.46610497045282184,
        "perimeter error": 2.2051358408130874,
        "area error": 58.05640424233865,
        "smoothness error": 0.0024046906747416095,
        "compactness error": 0.015551207135759236,
        "concavity error": 0.019015285141388394,
        "concave points error": 0.005667860105958622,
        "symmetry error": 0.005811371100096231,
        "fractal dimension error": 0.0020349691639872905,
        "worst radius": 5.082940171211674,
        "worst texture": 5.844268301199149,
        "worst perimeter": 35.21867449424384,
        "worst area": 631.2172858632119,
        "worst smoothness": 0.02402831144020732,
        "worst compactness": 0.1474095562351301,
        "worst concavity": 0.17620728025584156,
        "worst concave points": 0.06155640503258481,
        "worst symmetry": 0.04947530411508278,
        "worst fractal dimension": 0.016683322406591535
    }
}