{
    "LogisticRegression": {
        "accuracy": 0.9824561403508771,
        "f1_score": 0.9861111111111112,
        "roc_auc": 0.9953703703703703,
        "log_loss": 0.07774649384096739,
        "calibration_true": [
            0.0,
            0.0,
            0.5,
            1.0,
            1.0,
            1.0,
            1.0,
            0.9838709677419355
        ],
        "calibration_pred": [
            0.0028053752262647896,
            0.16176820612364742,
            0.3588710592240636,
            0.5390642584762925,
            0.6212626093643917,
            0.707218502217024,
            0.8626934478517407,
            0.9832463240903977
        ]
    },
    "RandomForest": {
        "accuracy": 0.956140350877193,
        "f1_score": 0.9655172413793104,
        "roc_auc": 0.9932208994708995,
        "log_loss": 0.11178520539161924,
        "calibration_true": [
            0.0,
            0.0,
            0.5,
            0.5,
            1.0,
            0.5,
            1.0,
            1.0,
            1.0
        ],
        "calibration_pred": [
            0.01147058823529412,
            0.11166666666666665,
            0.275,
            0.345,
            0.55,
            0.6583333333333333,
            0.7275,
            0.8538888888888889,
            0.9841666666666666
        ]
    }
}